{
	"id": "1fbff145-76d0-4099-9e53-1de913810f69",
	"name": "FIWARE Zone Course Enviroment Template",
	"values": [
		{
			"key": "user",
			"value": "USER",
			"enabled": true
		},
		{
			"key": "password",
			"value": "PASS",
			"enabled": true
		},
		{
			"key": "service",
			"value": "fiware_zone",
			"enabled": true
		},
		{
			"key": "subservice",
			"value": "/SUBSERVICE",
			"enabled": true
		},
		{
			"key": "token",
			"value": null,
			"enabled": true
		},
		{
			"key": "host",
			"value": "https://cb-int.iotplatform.telefonica.com",
			"enabled": true
		},
		{
			"key": "host_iota",
			"value": "http://iota-int.iotplatform.telefonica.com",
			"enabled": true
		},
		{
			"key": "iota_port",
			"value": "8085",
			"enabled": true
		},
		{
			"key": "UL_apikey",
			"value": "UL_APIKEY",
			"enabled": true
		},
		{
			"key": "JSON_apikey",
			"value": "JSON_APIKEY",
			"description": "",
			"enabled": true
		},
		{
			"key": "device_ID",
			"value": "DEVICE_ID",
			"description": "",
			"enabled": true
		}
	],
	"_postman_variable_scope": "environment",
	"_postman_exported_at": "2019-03-18T08:46:32.197Z",
	"_postman_exported_using": "Postman/7.0.5"
}