{
	"id": "2d3aa7bb-a9e1-4ce1-90ba-f09b729343be",
	"name": "FIWARE Zone Course Enviroment Template",
	"values": [
		{
			"key": "user",
			"value": "USER",
			"enabled": true
		},
		{
			"key": "password",
			"value": "PASS",
			"enabled": true
		},
		{
			"key": "service",
			"value": "fiware_zone",
			"enabled": true
		},
		{
			"key": "subservice",
			"value": "/SUBSERVICE",
			"enabled": true
		},
		{
			"key": "token",
			"value": null,
			"enabled": true
		},
		{
			"key": "host",
			"value": "cb-int.iotplatform.telefonica.com",
			"enabled": true
		},
		{
			"key": "host_iota",
			"value": "iota-int.iotplatform.telefonica.com",
			"enabled": true
		},
		{
			"key": "iota_port",
			"value": "8085",
			"enabled": true
		},
		{
			"key": "UL_apikey",
			"value": "UL_APIKEY",
			"enabled": true
		},
		{
			"key": "JSON_apikey",
			"value": "JSON_APIKEY",
			"description": "",
			"enabled": true
		},
		{
			"key": "device_ID",
			"value": "DEVICE_ID",
			"description": "",
			"enabled": true
		}
	],
	"_postman_variable_scope": "environment",
	"_postman_exported_at": "2019-03-19T09:49:48.131Z",
	"_postman_exported_using": "Postman/7.0.6"
}